sample_length_mm,scanning_time_sec,stitching_time_sec
148.5,559.93,94.33
139.5,451.76,79.26
103.5,408.4,68.07
150.0,531.29,180.24
100.8,336.11,30.49
135.0,411.42,54.95
436.8,887.21,94.22
214.2,640.2,50.02
2211.3,2174.16,720.34
379.8,780.06,197.15
441.0,818.93,114.81
2119.5,1945.92,463.94
166.5,624.86,61.14
237.0,892.2,100.37
1755.0,1862.44,671.79
1919.7,1914.24,665.76
247.8,621.18,70.34
233.1,526.99,61.31
249.0,754.6,84.98
243.0,784.28,84.32
1161.0,1385.57,421.5
926.1,1206.93,323.68
794.4,1282.31,362.27
354.9,773.48,107.79
571.2,1007.91,143.85
2162.7,1976.9,592.39
952.8,1369.43,223.46
784.8,1116.06,242.63
317.1,625.6,115.71
298.2,695.74,85.22
112.5,507.57,34.33
108.0,348.5,35.78
132.0,482.01,44.71
130.5,459.99,43.89
232.5,678.56,95.83
216.0,662.37,76.8
859.2,1067.58,187.28
902.4,1169.5,172.5
2227.5,2253.25,470.78
2022.3,2024.81,436.88
208.5,666.35,104.99
214.5,746.73,92.57
541.8,1073.05,153.32
560.7,1086.34,148.78
298.8,651.24,107.11
480.9,906.52,141.45
1984.5,1873.64,550.04
1498.5,1476.08,383.14
955.2,1291.13,217.14
940.8,1235.74,257.68
243.0,793.98,150.81
240.0,770.06,134.76
2254.5,2519.01,735.65
2165.4,2737.38,680.68
340.2,752.14,156.6
273.0,606.62,104.33
165.6,503.06,45.45
160.5,591.83,43.89
127.5,484.7,42.37
196.5,535.53,59.51
204.0,621.12,73.24
156.0,502.33,44.44
150.0,558.88,50.62
133.5,514.32,42.8
133.5,532.76,39.9
102.0,449.55,33.04
109.5,392.82,33.01
142.5,483.5,54.86
151.5,482.92,50.89
239.4,764.63,89.45
212.4,558.78,118.03
133.5,512.9,40.74
115.5,417.24,40.13
46.5,245.15,15.8
48.0,286.91,16.79
126.0,532.05,42.43
124.5,418.64,40.51
150.0,503.8,67.84
139.5,543.48,50.39
139.5,464.38,44.7
148.5,596.76,44.37
132.0,464.92,39.55
136.5,471.79,40.49
138.0,424.66,45.08
115.5,429.88,40.12
174.6,472.79,43.6
264.6,571.99,62.61
118.5,395.13,44.67
108.0,384.77,37.14
11100.0,499.28,37.07
149.4,394.24,41.19
156.0,661.72,46.23
154.5,647.73,56.06
162.0,505.86,47.2
160.5,369.69,52.38
189.0,656.06,44.08
13800.0,485.91,46.42
382.2,575.65,95.12
344.4,668.47,104.86
66.6,307.02,17.55
52.2,275.02,12.59
1379.7,1732.9,309.28
371.7,882.31,129.26
130.5,504.11,39.13
123.0,426.27,36.18
294.0,636.59,102.18
216.3,542.14,86.63
774.9,1121.05,190.13
912.6,1087.78,234.58
123.0,541.72,41.66
126.0,429.54,45.22
108.0,397.69,34.39
109.5,517.32,34.75
94.5,405.78,31.15
144.0,536.63,45.07
124.5,474.45,42.09
109.5,463.17,34.19
449.4,710.85,134.33
218.4,539.36,63.46
133.5,473.28,47.41
258.3,484.56,53.2
1871.1,1826.79,341.05
1317.6,1485.95,246.61
81.0,358.79,24.57
94.5,372.41,34.39
192.0,646.73,65.42
129.0,481.52,40.02
250.2,686.91,73.66
169.5,546.81,73.68
159.0,534.8,48.83
638.4,1114.84,116.07
664.8,980.39,122.18
91.5,462.82,33.58
85.5,343.27,31.27
82.5,350.31,31.8
105.0,497.9,39.05
112.5,409.43,37.72
141.0,554.09,44.36
340.2,759.22,102.23
302.4,656.97,94.38
112.5,428.95,37.55
114.0,520.26,38.22
208.5,665.6,72.26
262.8,506.21,66.04
407.4,755.87,96.15
386.4,754.72,110.46
142.5,436.2,44.32
156.0,511.59,50.59
220.5,739.32,166.85
216.0,790.39,129.08
145.5,469.56,45.94
129.0,544.47,44.12
153.0,515.16,53.38
147.0,461.79,53.86
560.7,1003.74,171.45
539.7,1378.8,147.41
162.0,476.36,81.55
172.5,497.24,83.89
226.8,605.5,135.18
157.5,578.25,79.87
162.0,648.33,45.98
156.0,529.41,46.13
222.0,576.17,67.59
234.0,659.1,87.57
221.4,661.96,108.85
157.5,516.26,83.56
184.5,537.62,87.66
162.0,510.76,90.61
243.0,544.53,133.47
159.0,427.67,72.23
141.0,485.09,79.25
153.0,510.37,57.96
325.8,728.65,90.92
327.6,702.5,91.16
133.5,447.63,58.7
336.0,582.2,105.29
72.0,264.95,19.45
95.4,284.88,34.67
190.8,547.75,73.19
165.6,451.45,78.55
338.4,769.26,180.66
329.4,608.16,210.37
640.8,736.49,127.4
221.4,513.92,45.58
237.6,627.24,59.1
232.2,591.41,54.89
247.5,628.84,91.23
250.5,693.77,83.6
347.4,819.37,154.35
246.6,553.88,130.44
436.8,768.56,263.14
275.1,588.56,118.39
376.2,822.73,112.21
261.0,722.58,89.28
192.6,516.76,54.41
198.0,509.98,65.26
232.5,737.05,108.57
225.0,733.6,91.15
447.3,605.9,129.4
219.0,527.02,67.33
154.5,475.8,64.52
139.5,406.68,55.73
129.0,413.2,41.13
114.0,440.44,37.3
208.8,574.02,84.5
210.6,587.88,77.31
300.3,706.3,103.67
304.5,675.2,109.9
357.0,686.87,103.71
237.6,510.11,124.12
151.2,368.44,84.0
100.5,397.01,44.37
192.6,624.28,81.17
194.4,638.51,90.81
108.0,349.47,35.67
114.0,383.99,35.3
346.5,782.03,97.5
392.7,583.4,142.34
348.6,738.75,97.79
141.0,505.26,60.16
291.9,779.54,112.44
275.1,712.91,74.67
296.1,622.63,79.47
329.7,784.41,82.54
135.0,464.84,76.18
163.8,462.0,76.9
331.2,829.7,249.28
499.8,1175.15,139.11
426.3,863.1,139.17
401.1,835.0,125.45
160.2,467.8,74.76
91.5,406.09,64.97
259.2,649.45,82.81
248.4,562.7,103.32
407.4,836.66,103.58
386.4,885.0,160.63
281.4,538.11,69.65
270.9,596.68,71.26
115.2,360.22,46.34
144.0,477.0,43.2
443.1,884.53,125.23
531.3,921.46,134.4
354.9,771.55,89.74
354.9,617.08,107.8
177.0,870.3,55.14
166.5,550.88,49.03
201.6,564.13,53.97
256.2,486.52,81.13
190.8,613.04,125.33
147.6,439.11,79.56
342.3,670.09,150.29
336.0,710.58,107.44
319.2,678.34,113.31
254.1,668.74,81.51
300.3,670.67,133.49
333.9,818.89,109.57
237.6,538.67,114.19
117.0,457.58,43.44
512.4,1027.04,118.75
331.8,598.35,158.85
365.4,883.13,84.54
436.8,913.21,99.24
541.8,1407.29,119.66
375.9,792.66,89.05
147.0,521.73,45.69
396.9,736.76,108.01
380.1,912.99,116.14
226.8,640.96,70.27
216.0,686.94,70.04
180.0,561.69,99.63
90.0,364.14,49.51
239.4,635.64,77.13
298.2,846.27,103.21
285.6,625.35,128.38
342.3,642.49,98.45
245.7,537.44,102.88
338.1,906.06,69.87
154.5,551.45,51.32
169.5,473.07,50.31
247.5,612.12,90.34
296.1,452.33,77.96
214.5,740.41,75.45
212.4,498.66,77.76
306.6,564.54,153.64
304.5,552.4,122.28
527.1,926.63,117.3
564.9,1002.16,196.41
240.0,659.21,74.07
342.0,721.7,132.9
226.8,590.14,69.18
126.0,367.12,31.28
449.4,947.03,255.61
363.3,608.98,112.67
401.1,697.92,108.55
401.1,863.28,81.2
228.9,554.8,50.64
247.5,722.47,64.39
247.5,776.98,75.11
518.7,733.38,313.88
216.3,531.53,90.87
344.4,688.74,135.04
441.0,903.8,112.67
285.6,622.8,77.64
547.2,727.12,108.15
216.0,542.05,51.88
518.7,859.49,114.77
129.0,475.19,38.52
130.5,645.85,46.55
691.2,812.77,131.45
760.8,1222.89,134.58
579.6,1160.27,130.61
579.6,1016.37,131.57
124.5,458.48,37.58
115.5,420.48,39.17
157.5,584.13,44.93
160.5,454.13,43.03
241.5,745.35,78.23
240.0,837.11,76.31
241.2,649.55,56.94
160.5,687.57,51.0
120.0,470.32,37.86
135.0,567.51,42.1
148.5,492.79,43.89
165.0,502.44,51.11
616.8,993.76,113.07
616.8,960.61,131.17
213.0,605.86,55.0
201.0,640.83,52.77
165.0,577.2,53.05
156.0,583.15,50.59
193.5,541.78,45.77
201.0,626.53,47.12
497.7,1064.77,125.96
491.4,995.64,117.05
168.0,551.54,47.62
255.6,716.32,63.56
302.4,629.96,63.19
336.0,774.13,69.65
373.8,624.9,80.16
369.6,668.05,75.77
235.5,705.13,69.64
231.0,819.79,61.2
178.5,651.05,48.07
172.5,483.21,49.47
506.1,1001.23,117.37
508.2,1056.21,126.43
955.2,1379.22,195.63
955.2,1408.59,172.47
674.4,922.12,113.86
552.3,953.41,117.8
84.0,321.21,33.48
69.0,337.06,30.05
55.5,287.98,21.15
78.0,303.49,31.76
112.5,515.28,38.54
115.5,402.55,38.48
1242.0,1427.32,303.08
323.4,749.52,102.03
273.0,520.02,66.84
136.5,451.29,50.74
346.5,720.49,83.4
386.4,837.92,89.16
156.0,530.78,47.91
150.0,503.18,47.26
302.4,604.03,67.84
281.4,510.69,68.8
378.0,740.62,100.81
373.8,700.29,110.6
127.5,511.6,36.98
168.0,638.99,46.83
61.38,366.24,34.52
115.5,479.64,48.34
153.0,409.11,53.01
241.2,552.02,62.58
135.0,474.01,38.16
133.5,481.85,37.86
1190.7,1375.81,304.94
1223.1,1407.28,249.47
97.5,359.74,32.47
131.4,471.71,74.7
232.2,672.3,162.54
135.0,487.3,84.85
105.0,380.34,50.82
352.8,693.95,84.17
327.6,673.55,79.92
1161.0,1490.34,316.91
369.6,873.95,83.03
380.1,774.93,136.6
369.6,914.75,82.52
784.8,1342.72,147.67
457.8,1119.59,134.9
136.5,496.02,33.55
223.2,605.94,55.1
279.3,782.1,60.08
306.6,753.43,56.61
520.8,890.28,98.21
1269.0,1448.87,241.8
693.6,1237.77,238.26
436.8,1022.42,159.2
281.4,767.42,88.56
304.5,759.04,74.74
210.6,553.47,55.43
185.4,409.74,59.27
1935.9,2148.57,397.41
472.5,1260.93,127.56
364.8,741.18,93.25
205.8,506.9,70.51
189.0,475.65,51.9
192.6,512.31,56.16
130.5,434.49,42.26
117.0,500.5,34.85
535.2,998.93,112.44
571.2,1110.64,110.21
447.3,866.98,112.26
1806.3,1859.27,411.67
420.0,960.87,101.32
501.9,841.62,126.56
511.2,827.62,152.43
501.6,928.35,98.98
281.4,661.92,75.91
312.9,678.7,85.76
254.1,676.54,72.37
281.4,682.02,79.01
138.0,559.77,36.79
129.0,530.73,36.84
300.3,807.32,65.91
196.2,658.5,51.31
457.8,977.47,115.85
436.8,1017.52,99.77
220.5,458.62,54.16
244.8,689.98,58.58
736.8,1074.03,139.72
531.3,997.07,130.59
499.8,1153.24,114.53
459.9,1025.08,97.5
1803.6,1956.16,288.85
445.2,848.52,98.59
363.3,731.77,79.48
159.0,554.55,46.31
141.0,509.61,44.03
338.4,1089.01,84.17
336.6,770.54,92.93
550.2,1012.53,162.36
585.9,1077.35,135.59
333.0,829.75,93.32
485.1,831.8,112.42
202.5,557.56,62.61
356.4,976.53,85.83
195.0,713.42,60.94
166.5,526.17,49.32
529.2,956.39,174.32
504.0,1061.1,124.69
708.0,1151.9,182.99
624.0,1018.49,117.31
365.4,783.55,168.07
361.2,907.45,154.98
292.8,498.21,53.24
441.6,706.31,75.78
234.0,593.56,57.68
449.4,1135.37,98.29
118.5,410.95,35.16
115.5,431.57,34.49
1323.0,1578.48,253.49
289.8,671.16,70.1
246.0,826.92,67.0
238.5,932.3,74.07
81.0,260.52,22.7
73.5,294.24,21.09
133.5,628.14,39.65
151.5,514.33,49.47
295.2,981.55,72.99
367.2,1093.8,83.96
386.4,799.87,64.81
453.6,805.78,81.4
705.6,1162.85,117.24
548.1,1018.82,102.61
546.0,1313.82,111.0
316.8,867.39,137.02
564.9,1191.03,151.85
357.0,721.7,75.21
232.2,687.87,59.77
181.8,495.0,50.82
285.6,496.69,72.81
367.5,923.36,74.62
367.5,834.47,116.01
361.2,803.34,121.19
388.5,841.24,141.22
151.5,507.07,49.32
302.4,589.11,62.93
514.5,1015.03,178.82
493.5,1098.66,99.53
219.6,565.44,54.03
112.5,502.74,50.01
243.0,731.95,79.97
247.5,805.22,85.21
156.0,459.87,46.01
157.5,662.36,47.4
139.5,559.08,43.54
136.5,554.91,42.43
111.0,422.1,33.36
108.0,476.39,32.21
396.9,839.83,101.99
413.7,955.63,116.69
118.5,523.32,37.97
111.0,471.91,33.84
578.4,981.52,101.7
559.2,1075.12,98.97
154.5,567.77,46.34
151.5,450.18,37.29
82.5,375.58,25.03
144.0,656.37,43.42
141.0,437.66,42.48
363.3,906.97,83.06
453.6,972.4,103.04
619.2,1009.61,108.04
427.2,698.69,77.56
57.0,277.92,17.54
118.5,486.49,37.2
139.5,469.14,44.99
132.0,492.45,40.2
88.5,349.17,26.99
87.0,369.92,27.14
130.5,510.78,46.28
165.0,602.04,50.38
154.5,516.84,56.47
193.5,662.38,82.29
235.8,443.33,85.42
464.1,1081.26,222.56
533.4,1000.18,195.38
562.8,1205.38,132.22
351.0,881.65,92.34
196.5,802.15,96.18
210.0,697.09,106.77
150.0,583.08,75.08
331.2,987.65,118.98
311.4,959.19,101.4
476.7,940.26,104.59
157.5,697.91,113.94
306.0,763.14,143.29
252.0,682.01,140.11
252.0,751.79,110.49
286.2,729.16,177.35
271.8,715.82,180.11
259.2,616.43,135.47
273.6,604.31,124.16
489.3,943.97,187.94
493.5,937.62,191.83
124.2,349.21,51.45
172.8,598.28,65.69
196.5,650.88,75.55
195.0,584.52,70.98
298.8,585.1,194.95
331.2,744.46,204.95
329.4,811.11,147.37
324.0,778.68,215.62
264.6,811.53,78.04
174.0,570.3,62.3
160.5,542.33,54.36
139.5,629.91,46.61
198.0,750.26,73.47
175.5,548.09,59.63
420.0,655.01,96.1
420.0,900.1,143.83
196.5,541.24,62.11
184.5,594.9,61.75
169.5,593.66,57.86
171.0,589.32,78.68
189.0,723.2,69.78
183.6,659.96,65.13
394.8,780.41,96.3
340.2,592.18,73.59
81.0,420.59,24.81
91.5,383.64,29.07
15450.0,530.23,60.31
16200.0,606.13,62.62
163.5,561.65,49.83
175.5,542.54,67.8
470.4,1190.02,140.8
284.4,706.55,92.68
248.4,663.71,86.8
203.4,608.24,79.48
171.0,464.77,71.15
183.0,713.13,70.3
184.5,767.72,56.68
177.0,567.96,56.2
547.2,953.13,104.3
342.3,786.09,92.16
193.5,690.78,64.13
189.0,580.94,72.62
392.7,770.8,104.84
369.6,754.6,97.0
293.4,875.87,86.62
289.8,855.99,101.01
145.8,429.36,39.33
149.4,382.47,39.48
225.0,707.37,63.77
199.5,610.86,60.31
239.4,633.81,84.93
190.5,554.47,89.18
211.5,789.78,83.3
207.0,675.52,82.64
183.6,520.98,131.78
120.0,446.59,117.05
151.2,706.45,36.21
192.6,598.07,58.04
172.8,458.25,61.89
194.4,509.77,78.8
309.6,913.15,171.22
457.8,1034.05,132.94
430.5,1041.83,148.61
357.0,865.82,119.33
338.4,839.2,90.42
193.5,608.48,64.23
457.8,846.06,149.24
485.1,1229.73,240.61
271.8,717.47,86.71
291.6,749.26,85.68
491.4,932.23,206.21
466.2,1026.8,156.35
187.5,702.88,81.48
184.5,564.19,64.27
202.5,581.49,71.43
202.5,655.55,74.8
426.3,884.41,92.09
459.9,981.44,111.46
189.0,542.13,93.48
193.5,647.11,86.96
169.5,479.0,53.08
156.0,455.27,51.64
396.9,750.21,96.37
407.4,985.06,92.04
445.2,840.53,130.26
417.9,932.16,93.89
159.0,569.77,56.68
190.5,544.37,68.3
160.5,544.06,54.74
204.0,654.05,70.7
443.1,999.59,111.86
455.7,902.51,113.84
141.0,444.71,50.73
159.0,613.93,60.3
443.1,1078.79,98.88
359.1,930.73,86.04
373.8,830.93,178.7
384.3,776.97,162.53
436.8,745.68,106.69
396.9,881.84,88.04
499.8,1131.96,105.25
426.3,1056.72,94.33
359.1,746.11,76.76
489.3,923.3,103.03
485.1,1173.86,243.13
422.1,923.33,171.4
466.2,1005.26,145.62
512.4,961.06,216.8
413.7,851.56,87.86
462.0,738.29,110.61
457.8,671.4,111.91
417.9,906.66,125.63
291.9,695.39,75.28
409.5,725.54,132.26
87.0,389.12,27.62
100.5,351.26,37.13
1525.5,1599.26,295.58
252.0,731.28,88.18
130.5,410.17,36.2
118.5,408.83,36.0
417.9,747.31,144.89
424.2,956.94,114.79
133.5,475.53,47.62
138.0,456.76,49.41
491.4,974.59,126.14
485.1,1136.55,116.49
167.4,491.11,49.08
141.0,506.9,45.68
181.8,462.93,55.57
275.4,587.79,86.51
320.4,831.56,99.73
210.6,531.7,59.64
43.5,244.25,25.8
31.5,204.14,18.28
130.5,491.53,51.41
99.0,416.28,40.01
231.0,824.82,104.81
142.5,536.56,67.91
144.0,525.63,83.51
237.0,798.28,103.02
132.0,539.99,81.34
163.5,620.78,93.35
201.0,642.43,108.63
150.0,468.63,73.15
151.5,565.37,51.17
157.5,691.17,59.51
112.5,406.4,58.46
165.0,591.87,73.41
151.5,537.37,81.78
86.4,304.21,36.35
90.0,269.38,25.82
590.4,850.77,127.86
296.1,671.11,80.29
46.5,247.25,14.35
67.5,258.54,21.06
189.0,782.91,61.36
180.0,637.57,64.61
2006.1,2485.02,490.13
1919.7,2749.45,388.93
150.0,515.83,62.53
228.6,689.85,68.18
198.0,673.45,67.23
169.5,595.76,51.57
178.2,428.54,47.03
165.6,394.81,46.57
176.4,624.41,55.55
429.6,737.52,81.09
338.4,861.57,86.19
556.5,1063.92,217.12
476.7,988.06,130.32
356.4,972.35,91.64
108.0,474.4,50.29
99.0,474.24,38.08
575.4,1232.51,157.5
564.9,1032.04,144.24
150.0,554.94,59.5
166.5,521.3,68.73
564.9,1434.52,156.99
539.7,1240.29,140.79
300.6,643.17,96.75
289.8,710.67,88.18
226.8,648.64,55.1
217.8,676.96,59.09
259.2,822.27,70.9
554.4,1242.67,144.52
189.0,655.38,55.97
184.5,699.05,55.88
183.6,626.15,45.23
205.2,573.1,54.41
15900.0,573.9,63.02
230.4,760.94,58.66
382.2,976.72,129.48
371.7,973.23,118.08
18600.0,728.63,80.71
239.4,793.54,64.3
234.0,802.39,84.61
178.5,751.17,70.54
142.5,538.92,48.59
162.0,474.4,55.81
594.3,1390.76,151.43
604.8,1272.58,112.63
531.3,1225.7,142.16
539.7,1389.49,165.12
385.2,807.43,105.39
313.2,823.47,101.68
369.0,1187.07,186.35
238.5,668.05,103.07
363.3,632.38,136.72
369.6,727.74,112.34
529.2,1140.44,177.22
522.9,850.05,151.91
564.9,1198.47,176.05
474.6,986.22,124.48
581.7,1055.81,144.2
529.2,933.65,142.84
405.3,788.66,145.61
350.7,798.78,112.46
120.0,463.91,63.64
124.5,581.28,71.83
308.7,717.21,91.97
346.5,919.97,88.61
1482.3,1487.57,246.23
232.2,658.05,64.65
289.8,722.22,70.91
966.6,1207.62,172.26
253.5,704.75,78.75
1841.4,2291.16,315.53
325.8,811.18,93.2
112.5,528.07,37.19
106.5,410.86,31.66
1317.6,1692.62,237.1
241.2,842.48,70.16
230.4,646.92,64.76
237.6,738.58,64.79
145.5,444.14,56.49
138.0,492.35,49.48
78.0,384.2,25.72
81.0,312.49,28.96
133.5,543.12,44.81
130.5,527.27,39.72
1355.4,1469.57,222.44
1360.8,1796.29,222.64
365.4,714.09,94.06
148.5,545.0,48.64
231.0,677.04,71.97
232.5,645.0,73.37
160.5,540.15,47.56
145.5,500.08,40.66
108.0,411.07,59.95
138.0,434.71,82.47
120.0,457.96,78.49
102.0,436.92,58.16
208.8,568.71,150.46
144.0,439.58,82.22
234.0,698.37,114.23
333.0,826.18,203.36
153.0,613.27,85.63
153.0,560.08,69.15
230.4,733.52,118.37
234.0,683.15,114.87
230.4,689.25,77.91
223.2,593.08,103.93
286.2,706.87,170.76
90.0,357.66,43.42
81.0,354.01,39.68
57.0,309.04,29.88
153.0,483.03,78.86
193.5,663.03,151.18
156.0,602.24,68.31
196.5,808.52,125.99
220.5,791.4,138.96
234.0,646.59,150.65
196.2,482.91,70.78
48.0,290.61,32.5
88.5,283.84,57.86
147.0,512.79,84.49
94.5,378.12,54.19
196.5,500.43,102.01
241.5,760.92,178.36
235.8,652.44,157.4
230.4,640.94,152.47
160.2,510.27,109.25
169.2,477.88,90.36
201.0,540.83,63.45
198.0,648.75,65.57
304.2,743.24,151.49
316.8,727.8,130.38
150.0,469.2,113.04
154.5,560.3,87.3
216.0,660.83,94.75
300.6,791.06,124.18
148.5,525.85,97.85
121.5,539.63,86.97
184.5,669.04,150.36
168.0,558.29,74.39
167.4,549.72,50.86
181.8,457.59,101.02
281.4,570.4,75.81
115.5,485.3,38.43
156.0,485.65,57.52
151.5,546.3,55.77
82.5,347.0,32.36
79.5,316.42,28.71
129.6,474.41,47.47
118.8,436.2,29.56
94.5,359.5,35.26
103.5,373.88,46.0
114.0,405.16,38.42
84.0,344.44,29.4
256.8,538.39,45.89
207.9,512.8,50.33
228.6,640.51,64.0
2197.8,2175.72,459.58
9000.0,414.05,35.29
10050.0,443.44,47.01
333.0,873.01,152.47
340.2,982.44,102.09
19800.0,562.32,137.22
17250.0,551.92,90.23
233.1,623.21,60.92
160.2,507.05,38.29
14400.0,489.5,76.09
13800.0,489.86,64.66
1382.4,1736.98,323.22
1166.4,1488.58,233.94
192.6,571.53,56.04
180.0,663.36,47.74
203.4,600.3,77.58
225.0,594.82,115.64
890.4,1562.95,208.6
360.0,791.01,117.56
10800.0,360.53,48.18
286.2,809.65,142.1
114.0,421.76,38.07
99.0,415.57,31.8
79.5,333.71,25.84
136.8,388.67,34.82
600.0,796.72,117.55
588.0,731.02,143.75
319.2,602.17,100.61
247.8,588.98,78.39
190.5,659.39,75.2
154.5,553.29,59.33
156.0,522.57,52.22
223.5,649.44,67.8
229.5,666.45,74.58
127.5,426.22,44.41
241.5,772.58,114.4
217.5,661.36,87.32
210.0,530.51,64.02
163.8,441.78,57.57
108.0,417.25,54.21
142.5,617.65,78.06
506.4,871.33,111.68
828.0,1225.3,171.9
130.5,486.13,47.32
151.5,526.12,58.39
103.5,396.27,42.51
88.5,392.37,33.74
192.0,597.3,60.69
183.0,621.2,51.94
487.2,919.21,174.07
522.9,1177.05,182.54
172.8,467.29,72.0
189.0,383.06,78.59
186.0,539.91,65.36
153.0,604.69,47.35
720.0,1097.69,142.72
720.0,1096.52,98.91
501.9,1079.01,162.74
459.9,999.39,150.94
405.6,665.03,131.88
309.6,561.45,119.18
91.5,405.35,29.04
100.5,411.08,33.22
106.5,463.88,39.34
106.2,400.37,42.83
70.2,254.81,20.79
369.0,874.71,138.98
363.6,919.88,127.77
165.0,588.1,57.06
183.0,534.63,41.55
207.0,499.92,63.97
240.0,736.43,75.87
99.0,341.17,36.57
117.0,371.06,50.26
347.4,747.25,143.41
356.4,823.89,127.76
340.2,766.2,150.45
361.8,793.82,178.7
255.6,821.24,66.77
207.0,753.91,90.5
75.6,299.26,21.71
88.2,326.43,45.05
315.0,732.08,126.55
325.8,677.73,189.46
112.5,391.08,60.76
97.5,351.81,76.59
345.6,765.58,93.52
336.6,789.84,129.59
298.8,636.74,71.75
252.0,576.87,58.68
114.0,359.02,73.54
121.5,384.85,68.67
105.0,364.79,57.5
102.0,425.4,63.4
273.6,663.99,102.39
282.6,519.0,125.6
157.5,454.2,79.88
93.0,426.98,55.59
156.0,473.35,97.62
151.5,449.62,94.63
365.4,859.75,95.85
340.2,581.8,83.25
343.8,802.96,185.56
345.6,824.34,144.19
325.8,734.22,81.8
516.6,890.4,289.72
354.6,767.67,113.06
307.8,702.79,184.63
142.2,451.57,37.16
232.2,585.84,70.43
106.5,374.63,27.74
124.5,414.19,36.08
118.5,464.75,44.22
99.0,370.79,35.9
487.2,966.83,249.16
432.6,865.39,205.92
183.0,550.97,62.5
126.0,545.46,36.6
121.5,607.85,57.43
472.5,1020.65,141.49
315.0,807.64,107.42
445.2,790.93,125.68
411.6,599.16,180.34
472.5,883.46,129.52
384.3,891.82,128.97
371.7,766.09,132.34
420.0,811.41,103.94
449.4,922.48,141.77
235.8,576.89,103.43
273.6,662.01,79.48
171.0,537.77,58.8
285.6,707.18,68.87
325.5,818.19,81.5
361.2,619.55,121.48
308.7,666.36,121.34
434.7,877.1,145.31
497.7,1130.96,134.96
289.8,682.74,63.54
308.7,801.18,73.41
198.0,685.85,66.37
193.5,620.14,64.99
384.3,758.65,153.71
474.6,847.47,282.92
203.4,625.32,56.75
187.2,581.24,65.97
174.3,397.71,64.39
367.5,562.21,157.97
357.0,761.42,76.77
373.8,652.05,81.97
108.0,490.53,39.45
165.6,582.76,73.78
428.4,864.24,148.78
447.3,1057.62,115.84
283.5,787.18,102.03
348.6,713.05,135.73
352.8,796.77,93.41
190.8,535.61,81.9
300.3,699.32,129.35
300.3,730.69,109.29
525.0,1299.34,168.26
516.6,1325.87,128.88
279.3,738.21,151.31
279.3,782.07,67.65
438.9,962.9,166.73
417.9,963.89,172.09
510.3,1014.13,118.12
539.7,905.82,296.72
864.0,980.73,154.56
837.6,1053.41,159.99
121.5,432.97,42.68
127.5,468.71,47.98
93.0,470.8,30.49
108.0,510.74,36.32
344.4,715.98,86.28
346.5,776.2,79.75
142.5,537.25,48.64
344.4,692.43,75.31
338.1,735.83,116.32
270.9,714.6,81.16
371.7,773.3,166.79
340.2,713.47,133.26
478.8,1097.02,196.93
420.0,907.48,123.13
1377.0,1588.68,228.91
428.4,1031.56,206.5
197.4,416.26,56.51
214.2,524.17,79.55
365.4,815.79,126.37
474.6,1045.93,194.42
394.8,847.02,170.18
459.9,930.64,196.01
302.4,613.64,122.03
407.4,718.41,143.01
388.5,743.8,167.5
470.4,815.58,243.6
451.5,788.31,164.9
495.6,1266.95,104.59
342.3,729.6,143.04
357.0,792.63,197.77
443.1,948.54,140.94
506.1,956.15,198.18
168.0,509.32,57.94
130.5,485.08,38.6
139.5,469.57,71.93
132.0,587.18,64.03
202.5,729.12,64.78
226.5,716.39,72.29
535.5,1022.54,199.69
518.7,915.88,135.5
130.5,403.51,64.1
124.5,413.87,49.27
153.0,669.72,53.1
150.0,585.12,46.89
449.4,772.48,166.99
485.1,826.71,295.23
592.8,823.93,134.04
607.2,966.8,128.5
547.2,835.99,157.25
544.8,867.93,156.48
130.5,505.13,46.43
106.5,343.26,31.53
588.0,934.59,114.79
573.6,795.85,123.81
1136.7,1187.14,282.23
1152.9,1234.25,207.56
105.0,441.19,66.42
103.5,375.95,33.03
1360.8,1386.58,319.26
243.0,696.29,83.8
243.0,717.56,128.12
234.0,801.69,75.17
91.5,370.06,31.54
130.5,458.28,44.98
168.0,612.91,58.64
186.0,653.54,59.59
510.3,1018.29,112.9
520.8,917.08,154.4
982.8,1120.89,344.46
982.8,1255.18,310.07
163.5,477.7,54.06
154.5,473.78,47.79
569.1,1171.73,159.72
527.1,1113.63,215.33
162.0,567.92,58.27
178.5,605.25,60.23
453.6,888.82,168.33
531.3,1182.44,203.91
237.0,691.29,84.92
165.0,523.34,56.51
1941.3,2791.16,378.6
2022.3,2250.31,340.04
352.8,708.5,91.98
154.5,483.63,58.23
238.5,592.34,73.51
237.0,792.21,78.03
181.5,621.48,62.54
192.0,735.36,58.66
232.5,784.86,67.37
234.0,782.18,75.0
1568.7,1687.59,296.54
1609.2,1732.9,273.97
1979.1,2107.97,378.37
2003.4,2071.7,493.29
87.0,317.15,35.63
78.0,339.32,28.58
126.0,433.6,40.58
102.0,411.02,38.17
223.2,658.42,65.81
512.4,1011.42,244.19
229.5,823.3,115.98
554.4,1248.57,273.5
470.4,919.34,279.52
539.7,1168.02,169.21
529.2,1016.29,173.93
141.0,569.94,46.48
127.5,535.0,37.66
93.0,414.7,32.86
208.8,630.88,65.1
121.5,410.92,73.1
153.0,476.33,66.86
818.4,1300.27,197.02
859.2,1461.45,276.0
151.5,517.81,48.02
171.0,543.95,58.7
135.0,483.26,49.62
205.5,554.91,89.22
135.0,536.94,56.11
281.4,804.31,81.41
537.6,1145.68,142.48
522.9,925.32,196.3
459.9,1156.26,109.81
415.8,811.72,112.51
367.2,656.03,71.1
549.6,689.06,98.86
1792.8,2160.81,308.77
1795.5,2200.28,299.42
736.8,904.85,152.61
703.2,837.71,128.04
112.5,455.23,46.23
88.5,321.5,34.91
213.0,744.78,64.68
190.5,587.94,58.76
309.6,679.35,85.27
289.8,652.02,70.12
393.6,639.93,70.08
379.2,505.71,79.52
430.5,801.58,159.41
445.2,795.19,148.45
73.5,325.63,27.76
225.0,609.74,62.29
169.5,536.08,53.17
154.5,561.04,47.84
378.0,730.22,153.98
396.9,920.65,147.15
52.5,245.49,16.54
126.0,354.71,35.28
94.5,303.33,34.54
109.5,495.6,39.36
55.5,321.52,24.77
499.8,1000.33,216.12
512.4,1131.01,135.73
487.2,978.41,147.27
514.5,1036.69,149.37
363.3,763.39,205.85
312.9,750.91,172.2
497.7,825.19,197.57
495.6,923.35,258.7
348.6,704.6,192.56
357.0,840.36,132.41
205.5,599.0,95.04
181.5,655.65,53.62
310.8,655.35,195.19
323.4,643.09,217.5
357.0,770.37,170.33
361.2,689.36,152.52
323.4,822.79,124.07
354.9,680.85,135.01
497.7,837.29,239.77
504.0,968.75,281.07
162.0,492.62,49.7
136.8,485.51,33.13
228.0,752.93,71.65
204.0,721.94,59.49
201.6,624.58,52.59
219.6,570.36,66.18
382.2,692.59,171.94
340.2,772.01,89.56
153.0,552.31,49.16
151.5,572.75,45.93
187.2,453.44,95.47
223.2,502.42,114.28
325.5,774.28,107.21
346.5,780.4,85.2
325.5,591.69,191.38
329.7,705.02,162.78
208.5,670.28,75.6
474.6,1060.38,101.41
145.5,513.95,45.19
118.5,437.98,38.32
225.0,640.31,55.13
219.6,543.13,56.97
405.3,800.4,240.6
522.9,1017.47,288.15
154.5,634.25,51.27
168.0,505.47,53.18
126.0,393.56,38.08
133.5,510.0,34.55
359.1,728.64,93.62
350.7,766.74,168.84
664.8,1103.18,137.57
681.6,1413.58,147.04
518.4,815.76,90.73
319.2,727.03,74.0
136.5,476.31,34.83
154.5,593.68,49.92
196.5,637.28,59.51
202.5,698.44,58.09
365.4,726.5,66.21
367.5,705.07,111.58
205.5,581.07,60.56
216.0,614.98,68.38
175.5,559.05,54.58
178.5,540.15,52.72
681.6,1171.24,122.22
409.5,1018.36,86.67
700.8,1054.55,128.51
411.6,1076.1,111.52
655.2,1215.79,125.92
885.6,1363.58,188.26
141.0,435.85,46.46
207.0,609.48,54.82
132.0,559.72,38.28
127.5,463.43,39.76
403.2,948.84,215.37
371.7,871.97,214.93
